{"Result": "Ended with no mergers and bound binary", "Minimum Distance Between Binary COM and Perturber": 0.9828456465041668, "Minimum Distance Between BBHs": 0.05310583202966631, "Minimum t_GW": 5415610332.353271, "Minimum relative t_GW": 1926283163775.6895}