{"Result": "Unbound: Binary eccentricity reached 1.1808043926124159", "Minimum Distance Between Binary COM and Perturber": 0.9828456465041668, "Minimum Distance Between BBHs": 0.00806609682329134, "Minimum t_GW": 20289982.167962343, "Minimum relative t_GW": -3587672888225.5654}