time,x,y,z,vx,vy,vz
0.0,9.842348399654416,0.0,0.0,0.0,1940.2881810910114,0.0
0.0007314159671023678,9.761451277063744,1.4294275935590142,0.0,-236.17378822302535,1977.1399163823805,0.0
0.001342849457749673,9.533713596963413,2.6454323242652045,0.0,-521.8984953293816,1986.110864440591,0.0
0.00186903275969969,9.187768543820876,3.6709860045905813,0.0,-786.7876621764302,1894.919560737677,0.0
0.002452310557565667,8.662191023468202,4.727170107915411,0.0,-998.3433825689501,1723.6448405684307,0.0
0.0031129797178062347,7.949945056037258,5.80832707127038,0.0,-1150.2580909918331,1561.8419096566583,0.0
0.003720359964226013,7.2067877925995445,6.727763613966008,0.0,-1308.0552256997237,1469.2002480320618,0.0
