time,x,y,z
0,0.0,9.898080103156214,0.0,0.0
0,0.0007314159671023678,9.763044768512922,1.4852401309688006,0.0
0,0.001342849457749673,9.482014564878536,2.659361360113662,0.0
0,0.00186903275969969,9.156852012013001,3.6268912765583483,0.0
0,0.002452310557565667,8.695969218127122,4.682269049468605,0.0
0,0.0031129797178062347,7.9999070624880835,5.83283984507323,0.0
