time,x,y,z,vx,vy,vz
0.0,9.898080103156214,0.0,0.0,0.0,2059.312445174085,0.0
0.0007314159671023678,9.763044768512922,1.4852401309688006,0.0,-353.1949416065223,1978.5890997308722,0.0
0.001342849457749673,9.482014564878536,2.659361360113662,0.0,-550.7889745526799,1866.2616158549954,0.0
0.00186903275969969,9.156852012013001,3.6268912765583483,0.0,-688.9623622682686,1821.1620969442542,0.0
0.002452310557565667,8.695969218127122,4.682269049468605,0.0,-904.4406811133052,1792.1878321595732,0.0
0.0031129797178062347,7.9999070624880835,5.83283984507323,0.0,-1203.874491651836,1668.2185398741208,0.0
0.003720359964226013,7.196465677458998,6.782360850538487,0.0,-1424.0748822889168,1447.1573087706963,0.0
