time,x,y,z
0,0.0,9.842348399654416,0.0,0.0
0,0.0007314159671023678,9.761451277063744,1.4294275935590142,0.0
0,0.001342849457749673,9.533713596963413,2.6454323242652045,0.0
0,0.00186903275969969,9.187768543820876,3.6709860045905813,0.0
0,0.002452310557565667,8.662191023468202,4.727170107915411,0.0
0,0.0031129797178062347,7.949945056037258,5.80832707127038,0.0
