time,x,y,z,vx,vy,vz,Eccentricity
0,0.0,9.870214251405315,0.0,0.0,0.0,1999.8003131325481,0.0,1.5279393672245363e-14
0,0.0007314159671023678,9.762248022788333,1.4573338622639074,0.0,-294.6843649147738,1977.8645080566262,0.0,0.03533753589325155
0,0.001342849457749673,9.507864080920974,2.6523968421894333,0.0,-536.3437349410308,1926.1862401477933,0.0,0.04062177171135877
0,0.00186903275969969,9.172310277916939,3.648938640574465,0.0,-737.8750122223494,1858.0408288409658,0.0,0.04194278900020325
0,0.002452310557565667,8.67908012079766,4.704719578692009,0.0,-951.3920318411277,1757.9163363640018,0.0,0.04077068855294701
0,0.0031129797178062347,7.974926059262671,5.8205834581718054,0.0,-1177.0662913218346,1615.0302247653894,0.0,0.010742253898418961
0,0.003720359964226013,7.20162673502927,6.755062232252247,0.0,-1366.0650539943204,1458.178778401379,0.0,0.01852904506007519
