time,Perturber-Binary Separation,a_perturber,Time-Step
0,0.0,4.0026843701897326,10.853474363392468,0.00014710135924142205
0,0.0007314159671023678,4.007767338030816,10.85412660680744,6.76952995649517e-05
0,0.001342849457749673,4.018880673118188,10.855518005735235,5.382330534548437e-05
0,0.00186903275969969,4.031580713035507,10.857119709333023,5.415287966972775e-05
0,0.002452310557565667,4.047106837366895,10.859086441364797,6.807965659077518e-05
0,0.0031129797178062347,4.06506789944729,10.86133991396565,6.102196353011672e-05
