time,x,y,z
0,0.0,10.853059897909482,0.0,0.0
0,0.0007314159671023678,10.763324738076046,1.3910522137412624,0.0
0,0.001342849457749673,10.551577214148564,2.5372771973207353,0.0
0,0.00186903275969969,10.271570168938803,3.5007629723881704,0.0
0,0.002452310557565667,9.858513199938816,4.53351599623614,0.0
0,0.0031129797178062347,9.26564921277223,5.645262930988084,0.0
