time,x,y,z,vx,vy,vz
0.0,10.853059897909482,0.0,0.0,0.0,1907.1015670491943,0.0
0.0007314159671023678,10.763324738076046,1.3910522137412624,0.0,-245.03367616555659,1891.3908526417194,0.0
0.001342849457749673,10.551577214148564,2.5372771973207353,0.0,-446.92387600312776,1854.3069932878009,0.0
0.00186903275969969,10.271570168938803,3.5007629723881704,0.0,-616.6101140407671,1805.2499641557986,0.0
0.002452310557565667,9.858513199938816,4.53351599623614,0.0,-798.4777674907344,1732.8492216518819,0.0
0.0031129797178062347,9.26564921277223,5.645262930988084,0.0,-994.241667572466,1628.878429059415,0.0
0.003720359964226013,8.610059070888497,6.600589097819117,0.0,-1162.4537571651829,1513.8516498426793,0.0
