time,x,y,z
0,0.0,-0.00041446548298629596,0.0,0.0
0,0.0007314159671023678,-0.0004105114550948486,-5.6967724369471115e-05,0.0
0,0.001342849457749673,-0.0004011888251451629,-0.000103793490363417,0.0
0,0.00186903275969969,-0.0003888776069034355,-0.00014299405072417849,0.0
0,0.002452310557565667,-0.0003707518618389985,-0.0001847647430808256,0.0
0,0.0031129797178062347,-0.00034481149613417063,-0.0002293169781937547,0.0
