time,x,y,z,vx,vy,vz
0.0,-0.00041446548298629596,0.0,0.0,0.0,-0.07813803760363484,0.0
0.0007314159671023678,-0.0004105114550948486,-5.6967724369471115e-05,0.0,0.010794361323527879,-0.07738511499462607,0.0
0.001342849457749673,-0.0004011888251451629,-0.000103793490363417,0.0,0.01966535390518508,-0.07560987886062277,0.0
0.00186903275969969,-0.0003888776069034355,-0.00014299405072417849,0.0,0.02708970577774512,-0.07326583544097129,0.0
0.002452310557565667,-0.0003707518618389985,-0.0001847647430808256,0.0,0.034997401549497355,-0.06981533651791562,0.0
0.0031129797178062347,-0.00034481149613417063,-0.0002293169781937547,0.0,0.043426168056849256,-0.06487820465249754,0.0
0.003720359964226013,-0.0003162337003342339,-0.0002671130978331706,0.0,0.050570388769106564,-0.05944064548436808,0.0
